activity_type,material_availability_pct,labour_availability_pct,equipment_availability_pct,vendor_performance_pct,weather_severity,activity_complexity,planned_duration_days,previous_delays,change_orders,delay
Civil,98,70,56,74,7,2,8,3,1,0
Electrical,88,76,79,86,5,3,44,0,1,1
Civil,74,80,87,50,5,5,20,2,0,1
Civil,67,55,90,64,8,4,35,3,2,1
HVAC,80,76,85,86,7,1,57,0,0,0
Finishing,98,89,68,62,3,4,46,1,0,0
Civil,78,83,55,89,3,3,29,0,0,0
Structural,82,61,100,57,8,3,48,3,0,1
Civil,70,94,70,54,0,4,16,1,2,0
Electrical,70,56,100,58,1,3,30,1,0,0
Finishing,83,59,57,50,1,2,41,3,0,0
Finishing,95,94,89,85,5,2,52,0,0,1
Civil,99,66,95,84,3,3,37,3,0,1
Finishing,83,75,60,51,10,3,32,3,0,1
Electrical,62,70,79,89,9,2,13,0,1,0
Electrical,81,77,67,72,2,3,16,1,1,1
Electrical,61,95,88,58,2,3,9,2,2,1
Structural,83,51,62,83,2,4,58,3,0,1
HVAC,89,92,75,95,5,1,56,2,3,0
Civil,97,50,88,63,7,2,58,1,1,1
Finishing,61,100,58,53,10,4,32,4,2,1
Electrical,80,85,79,79,6,1,60,1,0,1
Civil,92,100,69,80,3,3,39,2,0,1
Civil,71,75,58,87,10,3,9,2,1,1
HVAC,81,78,99,60,3,4,38,3,0,1
Structural,84,70,66,84,10,3,50,1,0,1
Finishing,86,60,86,57,9,5,38,1,1,1
Structural,87,89,86,52,10,4,17,1,1,0
Finishing,75,60,82,63,10,1,43,1,2,0
Electrical,74,85,67,62,10,4,46,5,0,1
Electrical,62,98,85,94,1,2,49,0,1,1
Civil,96,88,68,81,0,4,52,2,0,0
Finishing,66,89,74,83,8,3,18,1,3,0
Finishing,80,84,72,94,1,3,15,3,0,0
Structural,68,83,83,68,7,5,46,3,0,0
Electrical,98,96,60,87,8,5,42,0,3,0
Plumbing,77,73,86,65,3,5,8,3,1,0
Civil,63,71,83,51,7,1,57,0,0,0
Finishing,84,54,97,89,8,5,37,1,1,1
HVAC,73,82,56,66,9,1,11,1,1,1
HVAC,68,85,77,83,9,5,60,0,3,0
Plumbing,85,96,73,91,4,1,45,2,0,0
Electrical,61,69,85,65,6,4,12,0,0,1
Electrical,79,68,59,87,9,4,41,1,1,0
Electrical,87,84,73,51,3,3,55,2,1,0
Structural,66,92,88,51,0,1,14,1,0,0
HVAC,67,66,64,75,2,2,47,1,0,0
Electrical,94,94,79,62,4,3,19,2,1,0
HVAC,73,92,56,96,2,4,42,3,1,1
Plumbing,76,83,65,80,10,1,19,1,0,0
Civil,95,58,85,83,6,5,9,0,2,0
Structural,99,75,69,88,8,2,33,1,1,1
Finishing,63,51,63,52,5,4,23,5,2,1
Plumbing,61,58,77,57,9,3,58,1,1,0
HVAC,65,58,73,72,0,1,55,2,1,1
Plumbing,63,89,63,63,6,2,14,1,1,0
Finishing,88,66,89,76,2,1,16,1,0,1
Structural,77,50,75,78,4,5,58,3,2,1
Civil,85,74,63,88,9,3,8,0,1,0
Finishing,93,92,82,88,3,1,35,0,0,1
Structural,69,89,100,50,9,4,22,2,0,0
HVAC,95,91,61,66,4,3,20,3,2,0
Finishing,73,74,70,90,4,4,44,1,1,1
Plumbing,90,88,70,79,5,1,40,1,0,1
Electrical,74,84,87,62,9,3,29,3,0,1
Plumbing,67,52,58,70,9,4,27,1,2,1
HVAC,73,99,58,68,10,5,16,0,2,0
Civil,82,86,93,68,5,5,38,4,2,1
Finishing,99,93,94,74,7,1,40,1,0,1
Civil,80,93,71,71,7,3,41,3,2,1
HVAC,75,100,91,80,10,2,7,0,1,1
Finishing,77,79,93,66,8,3,13,1,1,1
Structural,83,87,83,72,7,5,57,0,1,1
Structural,85,83,90,81,10,4,22,3,0,0
Plumbing,84,61,92,59,1,2,47,0,0,0
Plumbing,100,68,93,59,9,1,39,1,0,0
HVAC,88,86,91,85,10,2,59,1,0,1
Structural,74,93,89,57,0,1,38,2,1,1
Finishing,60,98,61,69,9,2,45,2,1,1
Structural,84,66,81,81,1,1,18,3,1,0
Plumbing,66,59,82,99,1,1,8,4,2,0
HVAC,68,98,76,63,2,2,33,2,0,1
Structural,83,96,68,99,9,2,45,1,0,1
HVAC,60,61,61,77,6,1,49,1,0,0
Structural,67,65,91,95,1,5,54,2,1,0
Civil,83,73,76,73,0,2,19,0,1,0
Structural,70,68,59,64,5,3,32,1,2,0
Plumbing,76,57,56,71,8,4,46,1,0,0
Finishing,67,80,81,79,2,1,20,0,2,0
Plumbing,94,70,75,53,5,1,16,1,0,0
Plumbing,94,66,92,62,2,4,56,1,2,0
Plumbing,92,72,69,72,0,5,9,1,2,0
HVAC,64,86,75,57,4,4,38,1,2,1
Electrical,98,65,64,67,9,2,46,4,1,1
Electrical,100,55,77,61,10,4,5,2,1,1
Civil,87,57,93,80,3,1,43,2,1,0
Plumbing,66,74,59,63,6,4,36,1,1,0
Electrical,68,67,55,83,5,3,30,1,2,1
Civil,67,74,67,67,9,2,21,0,1,1
HVAC,71,61,75,83,6,4,52,0,3,0
Plumbing,93,64,80,60,4,1,31,2,1,1
Finishing,92,75,99,90,3,2,28,0,2,1
HVAC,82,90,75,61,6,1,39,0,1,1
Civil,83,94,72,98,6,5,50,2,0,0
HVAC,96,75,91,64,5,3,46,0,0,1
Finishing,94,96,99,80,7,5,58,2,0,0
HVAC,99,81,86,98,3,3,43,0,2,0
Civil,81,59,90,78,9,4,30,3,1,0
Finishing,86,65,71,75,4,2,53,1,1,0
Finishing,94,56,89,67,3,4,42,2,1,1
HVAC,60,66,65,81,0,3,27,1,0,1
Finishing,94,72,75,71,7,3,26,1,0,1
HVAC,96,75,80,87,0,3,8,2,0,0
Plumbing,73,70,58,66,4,1,53,2,0,1
Finishing,62,71,88,72,5,2,13,2,2,1
HVAC,60,56,72,73,5,4,8,1,1,0
Plumbing,64,63,94,99,4,4,11,0,2,1
Finishing,85,64,89,57,2,5,27,2,0,1
Plumbing,73,56,95,90,4,3,6,1,1,0
Structural,98,58,83,55,7,3,53,3,0,0
Finishing,86,100,83,54,1,3,28,5,1,1
Structural,68,97,92,93,5,4,44,2,0,1
Civil,74,57,96,78,8,5,59,1,0,0
Civil,74,99,75,77,7,1,35,2,0,1
HVAC,85,72,96,60,10,2,51,1,4,0
Electrical,72,78,67,50,7,1,35,1,2,1
Structural,91,67,95,92,7,4,51,1,1,0
Structural,98,80,71,68,6,3,44,2,1,1
Civil,91,79,63,58,7,2,52,2,2,0
Structural,63,88,95,76,5,4,55,0,1,1
Electrical,89,84,55,83,1,4,47,1,2,0
Plumbing,96,67,56,93,1,4,38,0,0,1
Plumbing,82,91,83,53,7,2,59,1,0,1
Electrical,98,88,87,85,10,2,28,1,1,0
Structural,74,66,64,67,0,5,53,0,1,0
Structural,88,63,94,64,5,5,30,0,2,0
Structural,95,80,75,100,5,1,20,1,2,0
HVAC,72,73,82,62,10,2,51,1,0,0
Finishing,91,84,65,68,3,2,17,1,1,0
Electrical,66,93,88,98,10,2,19,2,0,0
Electrical,81,94,62,55,10,5,31,2,0,0
Electrical,87,83,76,97,9,4,8,3,1,1
Electrical,61,52,62,61,2,3,20,4,1,0
Electrical,65,86,69,100,10,5,34,1,0,0
Structural,87,92,71,86,2,2,48,1,1,1
HVAC,87,89,77,66,0,5,34,1,1,0
Civil,79,75,78,72,2,1,40,2,0,1
Structural,89,72,99,75,3,2,7,2,0,0
Structural,70,93,73,78,10,1,26,0,0,1
Finishing,87,88,59,82,10,2,53,1,0,1
Civil,84,64,86,76,4,5,26,1,2,1
Electrical,98,98,98,74,2,4,54,1,1,0
Civil,92,53,55,59,5,3,54,1,1,0
HVAC,60,78,77,96,10,1,59,1,0,0
Plumbing,86,71,91,72,4,5,53,1,0,1
Structural,72,74,62,70,2,4,16,2,0,1
Civil,100,62,67,70,5,5,59,0,0,0
Finishing,62,67,62,92,5,1,25,2,1,0
HVAC,98,82,77,62,7,3,60,0,1,0
Plumbing,65,65,97,86,1,5,8,0,0,1
HVAC,67,94,55,82,0,2,35,0,2,0
Electrical,86,91,99,73,3,4,48,0,2,1
Plumbing,68,93,78,93,6,5,35,2,0,0
Finishing,96,51,89,60,10,4,27,1,1,1
Plumbing,92,84,78,66,9,2,58,1,0,0
Finishing,83,91,71,53,2,3,57,5,1,1
Electrical,74,83,59,96,2,3,24,0,1,1
Finishing,91,79,74,74,4,2,19,2,1,0
HVAC,91,62,75,79,4,4,27,4,0,0
Civil,83,62,94,58,9,5,32,4,0,1
HVAC,100,67,85,70,2,2,20,3,2,0
Structural,71,81,100,69,8,1,41,2,0,1
HVAC,98,81,90,68,3,4,25,1,1,0
Plumbing,61,84,65,68,2,3,19,0,0,0
Electrical,62,88,69,61,10,2,21,0,1,0
Structural,96,95,73,86,1,3,54,1,0,1
Structural,76,78,61,91,9,4,41,2,1,1
Structural,61,98,82,66,10,3,17,3,2,0
Civil,61,78,97,86,8,2,23,2,0,0
Finishing,87,93,59,97,3,4,34,0,0,1
Plumbing,82,65,59,88,2,1,49,1,1,1
Electrical,96,93,84,77,6,2,22,1,1,1
Civil,91,96,86,90,7,5,18,2,0,0
HVAC,92,59,62,84,10,2,40,1,0,0
Electrical,60,79,64,96,1,4,40,4,0,0
Structural,78,74,92,97,6,2,24,1,0,0
Electrical,61,88,86,67,4,1,56,1,1,0
Electrical,85,69,82,63,10,1,23,0,0,0
HVAC,91,54,71,84,4,5,49,2,1,1
Finishing,65,50,85,93,2,3,48,0,1,0
Plumbing,91,79,62,90,4,4,11,1,0,0
Structural,63,98,94,56,1,4,48,1,0,0
Finishing,70,52,79,90,3,3,57,2,0,0
Civil,76,94,63,62,5,1,8,2,1,0
Structural,97,63,56,67,0,1,38,1,0,0
Plumbing,83,79,69,86,9,2,6,0,0,0
Civil,64,99,57,62,3,5,9,3,0,1
HVAC,93,53,90,85,5,5,59,0,0,0
Finishing,65,67,58,80,8,5,14,5,0,0
Structural,81,86,68,51,10,2,36,1,1,1
Electrical,70,74,95,65,10,5,46,1,0,1
Plumbing,75,97,95,58,1,3,45,0,2,0
Structural,92,50,79,58,10,2,17,0,2,1
Electrical,68,95,64,87,6,3,43,2,1,0
Structural,65,64,75,60,5,2,9,3,0,1
Civil,75,58,90,71,1,5,14,4,1,0
Electrical,88,64,66,82,7,3,14,3,0,1
Electrical,62,98,81,85,6,3,42,2,0,0
Structural,79,73,94,94,10,3,31,2,2,1
HVAC,95,53,56,72,4,2,55,3,1,0
HVAC,78,61,67,94,4,4,25,0,0,0
Finishing,85,86,86,94,6,5,12,0,2,0
Civil,62,86,85,83,8,3,5,4,0,1
HVAC,78,92,70,58,10,4,32,2,3,1
Structural,79,55,86,73,8,5,53,2,3,1
HVAC,91,88,86,57,8,5,43,1,3,1
Finishing,66,95,88,56,5,3,18,2,1,0
Plumbing,100,73,65,85,9,3,25,2,3,1
Finishing,92,60,64,67,5,2,34,4,1,0
Electrical,99,62,69,52,2,4,25,1,1,0
Electrical,98,83,71,77,0,4,53,1,0,1
HVAC,77,74,94,55,6,3,13,1,1,1
HVAC,99,56,72,93,3,5,21,0,0,1
Finishing,60,53,63,93,0,3,9,0,1,0
Finishing,70,57,79,70,7,5,35,0,0,0
Structural,87,69,94,77,5,5,56,2,0,1
Civil,84,78,68,89,5,3,44,2,0,1
Structural,82,100,79,50,1,1,42,1,1,0
Electrical,90,94,76,85,0,4,47,1,1,0
Structural,89,95,84,70,1,5,23,0,0,0
Finishing,94,59,74,92,3,5,40,2,0,1
Structural,66,92,75,84,1,1,54,1,1,1
Plumbing,75,83,98,62,0,2,37,1,2,0
Civil,85,75,86,98,6,1,17,1,2,0
Finishing,61,90,100,59,10,1,18,2,0,1
HVAC,60,98,75,93,10,5,60,4,1,0
Structural,71,52,89,96,7,4,37,1,2,0
Finishing,64,55,86,59,5,1,33,0,2,1
HVAC,96,54,84,95,3,2,47,3,1,1
HVAC,91,54,93,62,5,3,53,1,0,1
Electrical,68,96,66,86,2,1,40,0,2,1
Electrical,100,72,95,87,7,1,48,0,0,0
Finishing,94,98,72,73,9,2,14,2,1,1
Finishing,78,58,75,51,1,4,35,1,1,0
Plumbing,75,84,67,71,4,1,10,5,0,0
Civil,62,69,75,66,0,1,5,2,2,1
Civil,79,98,62,85,5,4,11,2,0,0
Finishing,83,91,100,63,1,2,31,0,0,0
Electrical,92,84,94,59,3,1,25,2,2,0
Structural,83,99,100,84,5,4,32,3,0,0
Plumbing,70,67,61,74,9,1,20,3,0,1
Civil,67,66,77,52,10,3,60,2,1,1
Finishing,95,73,98,96,7,5,50,1,1,0
Electrical,97,52,86,87,7,3,27,1,1,0
Electrical,99,81,65,66,10,1,56,1,1,1
Electrical,79,84,76,61,5,2,24,1,1,0
Structural,94,87,76,73,3,5,42,1,0,1
HVAC,84,62,97,78,7,3,58,2,1,0
Structural,94,96,79,92,7,4,29,5,0,0
Electrical,84,74,76,74,9,2,32,1,0,1
Finishing,88,58,82,85,0,3,9,1,2,0
Plumbing,77,53,83,75,3,4,60,2,1,1
Structural,77,63,67,87,3,1,25,1,2,1
Finishing,61,86,72,50,6,4,22,0,1,1
Electrical,94,83,56,69,10,3,51,3,1,1
Plumbing,75,60,83,77,6,3,10,3,1,1
Civil,100,90,75,65,10,1,33,5,0,0
Civil,95,52,69,96,7,4,23,2,0,0
Finishing,92,77,81,66,10,4,37,0,2,1
Plumbing,63,78,85,89,4,1,5,1,0,0
Finishing,92,58,69,77,6,4,49,3,3,1
Plumbing,73,52,77,61,7,1,7,4,0,0
Plumbing,80,74,78,76,8,2,46,4,1,0
Finishing,79,83,98,91,2,3,25,2,0,1
Plumbing,67,61,67,96,2,2,39,1,1,0
Structural,66,91,76,79,3,5,45,1,1,0
Electrical,62,58,97,90,4,5,44,1,0,1
Plumbing,76,64,91,83,9,5,7,0,1,1
Structural,92,89,87,86,0,1,29,2,0,1
Plumbing,71,74,57,55,6,4,49,2,1,1
Structural,81,54,73,56,8,2,42,0,0,1
Finishing,81,60,77,81,7,2,49,1,0,0
Civil,89,83,83,81,4,2,59,2,0,1
HVAC,97,73,84,74,3,2,24,2,0,0
Plumbing,97,64,93,82,6,5,56,3,0,0
HVAC,67,87,98,56,4,2,48,2,1,1
Plumbing,86,57,79,61,6,4,49,4,1,1
Finishing,86,54,91,65,0,5,38,2,0,1
Finishing,93,97,62,65,0,2,25,1,0,0
Structural,80,75,96,92,9,1,60,0,2,1
Plumbing,89,67,70,85,2,3,59,2,0,1
Finishing,92,55,62,62,10,3,52,2,1,0
Finishing,87,86,55,56,1,3,27,3,0,0
Plumbing,92,97,98,85,1,5,10,1,1,1
Structural,64,62,59,96,6,2,55,2,1,1
Structural,78,77,57,100,9,5,57,3,2,1
Structural,63,54,55,58,1,4,17,0,0,0
Structural,94,62,58,81,10,1,53,1,0,0
Civil,76,66,94,60,3,1,27,3,1,0
Plumbing,87,99,89,57,1,3,13,1,2,1
Civil,89,89,86,82,5,3,21,1,1,1
Finishing,88,94,96,72,7,3,6,4,0,0
Civil,65,81,88,74,9,2,23,0,0,1
Structural,94,78,97,57,3,4,23,2,1,0
Finishing,100,100,79,94,4,4,60,4,1,0
Civil,96,52,64,71,3,4,11,2,1,0
Civil,83,89,75,53,2,4,58,2,1,1
Plumbing,88,83,100,89,4,3,46,2,0,0
Civil,90,89,93,52,8,1,46,1,0,0
Finishing,94,76,81,78,7,3,24,1,2,1
Structural,92,62,81,90,7,4,13,2,0,1
Plumbing,80,94,56,78,7,3,21,1,0,0
Civil,91,82,95,83,7,4,31,2,0,0
Plumbing,82,55,67,83,6,5,51,0,2,1
HVAC,92,73,63,77,7,1,6,0,1,1
Plumbing,62,68,90,62,10,5,40,2,1,0
Structural,77,65,76,64,7,2,23,3,0,0
HVAC,84,89,96,72,7,3,21,0,1,0
HVAC,90,77,80,93,9,2,9,3,2,1
Plumbing,62,82,66,75,6,3,43,2,1,1
Finishing,99,97,71,53,0,5,22,3,1,0
Structural,83,90,68,75,3,4,57,1,0,1
Finishing,91,62,68,89,3,4,58,2,0,0
Structural,81,92,88,58,4,3,11,0,1,0
Structural,82,94,74,54,9,4,21,2,0,1
Finishing,61,74,65,81,5,5,43,1,0,1
Electrical,86,91,70,69,3,4,40,0,0,0
HVAC,61,85,85,99,1,5,44,3,2,1
Plumbing,85,76,60,60,5,2,49,1,0,1
Finishing,76,87,73,64,7,5,8,2,1,0
Finishing,99,56,91,81,7,1,42,1,0,1
Plumbing,92,54,58,77,6,1,29,0,0,0
HVAC,68,92,58,71,5,1,9,0,0,1
Plumbing,98,94,74,90,1,3,34,1,1,0
Structural,88,100,64,66,6,3,16,2,0,1
Electrical,85,80,78,75,10,3,8,1,1,1
Structural,94,72,89,93,4,5,28,1,2,0
Electrical,84,91,80,56,5,3,33,1,0,0
Plumbing,83,59,91,91,9,2,13,0,0,1
Structural,72,81,92,75,7,1,8,0,1,1
HVAC,66,92,75,74,7,5,55,0,0,0
Structural,95,79,94,59,2,1,28,1,4,0
Finishing,79,88,93,94,6,3,18,3,0,0
Electrical,60,80,75,68,0,5,9,1,0,0
Electrical,67,67,64,60,0,4,22,2,1,0
HVAC,75,85,92,62,6,2,46,3,1,1
Electrical,73,51,100,57,9,3,23,0,0,1
Electrical,71,63,58,89,8,3,16,1,1,0
HVAC,82,62,99,53,6,2,22,2,0,1
Structural,74,78,74,96,9,2,21,2,1,1
Plumbing,87,61,71,80,4,4,34,5,0,1
Structural,93,88,61,77,7,3,28,4,0,1
Finishing,61,51,58,60,1,3,15,2,2,1
Finishing,91,81,83,92,8,1,39,1,0,0
Electrical,82,62,68,50,5,5,27,0,0,0
Finishing,81,95,57,98,8,5,21,2,2,1
Plumbing,84,76,78,96,1,1,5,2,0,0
Electrical,81,98,91,87,2,5,19,3,2,1
Finishing,81,90,70,73,7,2,36,1,0,0
Civil,65,66,58,96,0,5,13,1,0,1
Civil,74,89,78,80,9,5,19,1,0,0
Civil,96,80,88,90,6,1,32,2,1,0
Civil,92,83,84,95,6,4,28,0,1,1
Structural,67,73,72,99,0,5,39,1,0,1
Civil,64,94,73,75,8,5,26,0,0,1
Electrical,98,84,85,98,7,4,31,2,0,0
HVAC,63,97,73,99,3,1,23,1,1,0
Structural,65,55,100,54,9,4,49,4,0,0
HVAC,91,68,73,69,10,1,16,1,0,1
Electrical,89,79,76,90,4,2,24,0,0,0
Electrical,94,56,78,60,1,1,5,1,1,1
Plumbing,99,59,99,82,8,2,25,2,0,1
Structural,75,90,66,99,5,2,53,0,1,0
HVAC,72,81,84,87,2,1,49,0,0,0
Civil,89,83,92,76,6,3,5,2,1,1
Electrical,78,77,85,83,8,1,14,5,1,1
Civil,76,64,90,64,2,5,51,0,1,1
HVAC,78,79,73,81,1,5,36,0,2,1
Structural,87,86,99,70,6,3,43,0,0,1
Finishing,85,78,90,95,6,2,26,3,2,0
Finishing,96,71,84,54,3,3,22,4,0,0
Electrical,85,53,87,55,10,5,52,3,1,0
Plumbing,82,69,72,87,8,3,50,0,0,0
Civil,68,81,82,71,7,1,36,1,1,0
Electrical,71,85,65,67,0,3,31,3,0,0
Plumbing,60,99,99,63,0,2,32,2,1,0
Civil,60,53,87,59,4,1,22,1,1,1
HVAC,93,76,71,95,5,4,43,1,0,0
Finishing,91,66,60,62,2,5,53,3,0,1
Plumbing,84,61,58,80,8,5,33,1,1,0
Civil,99,71,74,79,9,3,22,2,0,0
Electrical,60,66,81,52,5,1,48,2,0,1
Civil,75,59,69,79,3,4,12,2,0,0
Electrical,98,50,60,55,6,1,58,0,0,1
Finishing,64,71,68,78,7,5,35,4,0,0
Finishing,81,75,65,57,8,1,38,1,1,1
Civil,88,67,93,93,10,4,11,1,2,1
Civil,62,99,63,94,5,3,40,0,0,1
Electrical,71,63,80,92,5,2,22,2,2,0
Electrical,85,96,70,93,7,1,42,0,1,1
Plumbing,75,78,59,82,4,2,13,1,0,0
Plumbing,96,61,64,66,2,5,13,2,0,1
Plumbing,81,85,57,97,2,3,50,1,2,0
Civil,88,84,67,60,5,3,12,0,0,0
Structural,73,61,97,62,1,1,55,2,1,1
Structural,87,56,84,99,5,3,39,0,1,1
Structural,64,78,99,60,5,1,22,0,0,0
Structural,89,60,60,80,7,1,9,2,0,0
Plumbing,64,82,71,77,6,2,18,1,1,0
Civil,71,55,99,93,7,3,32,3,0,1
Structural,75,96,73,55,8,1,34,3,1,1
Finishing,85,64,96,90,5,2,8,0,2,0
HVAC,85,81,89,65,2,4,43,0,0,1
Finishing,80,100,100,53,9,2,24,2,1,1
Civil,98,60,80,84,2,2,29,4,0,1
Civil,95,72,59,97,10,1,32,1,1,0
HVAC,92,75,83,75,0,5,16,3,0,0
Electrical,89,83,91,61,10,5,6,0,2,1
Electrical,96,95,74,60,4,5,47,3,0,1
Electrical,82,83,75,86,3,2,18,2,4,1
Plumbing,69,78,64,74,8,1,26,2,1,1
Electrical,64,53,59,67,8,3,35,4,2,1
Plumbing,95,66,90,68,4,2,27,1,2,0
Plumbing,93,84,60,72,9,2,52,3,1,1
Electrical,90,62,80,87,3,1,24,0,1,1
Electrical,69,90,58,67,6,4,42,1,0,0
HVAC,78,88,93,75,5,2,59,1,2,0
Structural,91,64,93,55,3,4,8,2,1,0
HVAC,60,78,89,53,9,4,19,1,2,1
Plumbing,64,78,55,93,1,5,28,0,1,1
HVAC,63,60,78,100,0,1,29,2,3,0
Plumbing,75,81,90,78,3,4,5,3,0,0
Civil,83,51,60,83,3,1,11,1,1,1
Plumbing,75,96,95,66,0,5,35,3,1,0
Plumbing,61,63,100,92,5,1,16,1,0,0
HVAC,87,69,98,92,3,2,46,1,0,1
Structural,91,71,85,65,0,4,9,5,1,1
Civil,86,60,74,51,0,1,48,2,1,0
Finishing,79,76,78,83,0,3,54,0,1,1
Finishing,83,52,79,57,7,1,46,3,0,0
Structural,71,66,90,62,9,4,42,0,0,0
Finishing,94,93,75,91,7,5,16,1,0,0
Civil,92,77,84,57,1,5,43,0,1,1
Electrical,92,78,78,79,10,4,22,3,1,1
Civil,96,70,98,81,6,2,6,1,1,0
HVAC,71,96,96,85,7,2,14,1,1,1
Plumbing,62,65,84,96,7,5,19,3,1,1
Plumbing,60,86,76,79,10,5,34,2,0,1
HVAC,92,69,82,50,9,4,48,2,0,1
HVAC,99,55,61,92,10,2,21,2,0,0
Plumbing,69,68,89,88,6,5,8,2,0,1
Structural,88,54,82,66,4,2,11,2,0,0
Electrical,72,52,68,69,0,5,45,1,1,1
Electrical,71,50,64,73,8,1,35,1,1,0
Electrical,90,87,70,99,6,3,55,0,2,1
HVAC,61,64,70,71,1,1,59,0,0,0
Plumbing,94,83,85,78,5,5,43,2,0,0
Structural,82,84,96,71,1,3,59,0,0,1
Plumbing,76,98,79,93,0,3,38,1,1,0
Plumbing,85,74,67,58,6,5,10,1,2,1
Structural,67,73,60,86,1,5,54,2,2,0
Civil,88,61,98,59,1,2,42,2,0,0
Structural,85,67,63,85,10,5,49,2,0,0
Civil,69,64,99,86,4,4,55,0,1,0
Finishing,85,93,90,77,4,5,38,1,0,1
Civil,93,65,97,77,6,4,48,5,1,1
Electrical,100,76,74,91,0,5,19,2,1,1
Electrical,66,57,72,92,7,2,18,1,2,1
Structural,63,95,97,70,2,4,10,1,1,0
Electrical,70,74,75,73,3,1,54,3,0,1
Electrical,88,66,58,91,8,4,41,2,0,0
Finishing,95,78,87,89,3,2,54,1,0,1
Electrical,84,57,81,51,9,4,36,2,1,1
HVAC,80,64,61,57,4,5,7,2,0,0
HVAC,95,76,60,97,6,5,7,0,1,0
HVAC,69,95,69,76,3,2,26,1,1,0
Civil,96,99,72,71,0,3,26,2,1,1
Structural,68,56,86,86,8,5,14,1,1,0
Structural,83,52,65,76,3,1,55,2,1,1
Plumbing,94,78,74,78,8,2,7,0,1,1
Finishing,94,93,78,52,5,4,16,1,1,0
HVAC,95,73,69,93,0,4,33,1,2,0
HVAC,77,52,61,62,2,1,52,3,1,1
Electrical,98,69,75,94,10,5,21,1,3,1
HVAC,91,95,96,59,1,2,11,1,1,0
Electrical,83,64,80,85,8,1,17,0,1,1
Electrical,82,74,98,58,0,5,60,2,0,0
Plumbing,91,79,68,76,8,2,6,0,0,0
Civil,96,63,91,83,8,4,8,3,2,1
Electrical,71,56,75,100,7,2,14,0,2,0
Electrical,72,66,72,50,7,3,43,1,0,0
Structural,82,93,59,81,10,2,28,2,1,1
Plumbing,84,69,57,74,0,3,21,4,1,0
Electrical,94,85,77,78,10,2,56,1,1,1
Finishing,100,58,80,56,7,3,10,4,0,0
Civil,89,87,91,98,9,4,23,0,0,1
Finishing,76,97,78,52,2,5,9,1,1,0
HVAC,79,71,73,69,10,3,36,2,1,1
Civil,84,51,79,69,6,3,14,0,0,1
HVAC,81,73,75,79,10,4,13,1,0,0
Structural,72,57,66,84,0,3,31,3,0,1
Electrical,78,60,95,84,0,1,17,0,1,0
Plumbing,95,62,87,98,9,4,23,1,0,1
Finishing,71,66,58,88,4,1,25,1,0,1
HVAC,100,57,96,76,4,4,28,3,0,0
Electrical,78,70,61,75,7,3,42,1,1,0
Finishing,71,67,76,63,6,1,8,1,0,1
Finishing,68,79,87,66,7,3,28,4,0,0
Structural,66,67,71,67,5,4,39,1,0,0
Structural,87,95,78,94,5,3,7,3,1,0
HVAC,73,96,88,78,1,1,8,0,0,0
Electrical,90,80,82,69,5,1,41,1,1,0
Plumbing,78,87,97,76,4,3,44,1,2,0
HVAC,75,81,95,67,2,2,52,3,0,0
Finishing,64,60,93,53,5,4,58,1,0,1
Finishing,94,94,76,50,7,4,39,1,2,1
Civil,71,74,71,99,8,3,35,2,0,0
Electrical,84,82,88,50,0,2,60,2,0,0
Civil,80,87,60,75,2,1,48,1,0,0
Structural,95,90,100,94,2,5,29,3,0,1
Plumbing,82,57,60,69,10,5,44,1,1,0
HVAC,75,60,88,72,7,3,17,3,0,0
Finishing,98,71,55,59,0,2,8,2,1,0
Electrical,98,100,64,60,4,2,50,1,0,0
Finishing,73,73,75,90,2,4,18,2,0,0
Structural,90,90,59,90,1,1,17,0,2,0
Civil,64,66,56,54,7,2,31,2,1,0
Civil,94,61,76,50,2,5,10,4,2,1
HVAC,82,95,56,66,6,1,21,1,3,0
Electrical,88,81,64,71,10,1,40,1,1,1
Structural,70,64,88,83,0,3,44,2,0,0
Electrical,77,65,70,94,5,2,53,2,0,0
HVAC,71,71,93,90,2,3,39,2,0,0
Structural,68,77,76,78,7,2,21,3,1,1
Structural,69,69,66,53,5,4,45,2,1,0
Civil,76,82,78,54,1,3,6,0,0,1
Civil,97,59,94,60,5,3,17,0,1,1
Civil,66,89,92,100,6,5,56,0,0,1
Finishing,72,81,64,70,4,3,6,3,2,0
Plumbing,99,99,89,84,2,2,56,2,2,0
Civil,68,82,86,61,3,5,32,2,1,0
Plumbing,86,51,61,75,3,3,47,1,1,0
Plumbing,61,82,75,100,5,3,30,1,0,1
Electrical,64,82,74,68,9,4,26,2,2,0
HVAC,88,90,80,94,0,3,51,1,3,1
Finishing,96,62,58,56,10,1,47,3,0,1
Plumbing,97,79,100,96,3,5,59,3,0,1
Finishing,78,82,76,56,9,1,7,2,0,0
Electrical,67,62,69,75,3,5,39,1,0,0
Civil,60,75,94,89,9,4,16,3,1,1
Structural,81,71,75,54,0,3,28,4,3,0
Plumbing,76,88,69,70,8,3,9,2,0,1
HVAC,66,51,76,63,3,3,24,2,0,1
Structural,84,87,82,53,6,5,43,0,1,1
Electrical,63,88,68,72,2,3,43,1,1,0
Finishing,95,75,81,91,9,1,17,1,0,0
Civil,65,95,95,69,2,3,45,0,0,0
Finishing,90,99,94,64,7,4,57,0,1,0
HVAC,78,64,82,99,7,1,49,0,2,1
Plumbing,98,83,80,94,10,3,16,0,2,0
HVAC,86,91,56,78,0,3,17,2,0,0
Finishing,69,93,79,57,9,2,60,2,1,1
Finishing,85,98,57,90,1,5,14,0,0,0
Structural,78,89,62,97,7,1,37,6,0,1
HVAC,98,60,98,68,0,2,44,2,1,1
HVAC,62,52,87,97,7,4,58,0,0,0
HVAC,72,55,96,88,7,5,20,3,5,1
Civil,87,58,89,95,1,1,49,3,0,1
Finishing,79,55,60,77,3,3,39,1,2,1
Electrical,87,58,93,95,5,1,7,1,1,1
Civil,67,88,77,76,10,3,60,1,1,0
Civil,100,80,79,53,8,5,9,1,3,0
Civil,98,81,97,64,7,3,30,0,0,0
Structural,60,90,73,84,7,4,15,2,0,1
Electrical,62,99,59,86,6,3,11,0,0,1
HVAC,72,61,65,50,8,4,57,3,1,1
Structural,87,57,66,52,1,5,60,2,0,1
Finishing,84,57,64,96,2,5,14,2,0,0
Plumbing,92,99,62,73,9,1,46,3,1,0
Structural,97,77,78,76,7,4,56,0,1,1
Plumbing,65,69,82,89,5,4,38,2,1,0
Finishing,91,96,95,85,9,2,7,0,1,0
Electrical,80,56,90,83,8,2,12,0,0,1
Plumbing,75,60,91,78,9,2,35,3,1,0
Civil,80,69,75,73,3,3,15,1,2,1
Structural,70,65,62,73,7,2,49,2,4,1
Plumbing,96,53,63,91,9,4,11,1,2,1
Finishing,95,55,69,53,2,3,49,0,2,0
Civil,94,71,100,52,2,5,6,3,0,1
Plumbing,78,75,94,83,7,1,10,1,1,1
Finishing,79,52,72,98,4,2,45,0,0,1
Electrical,77,90,96,72,2,5,36,1,0,0
Finishing,100,91,74,72,9,4,24,1,0,0
Electrical,73,63,60,94,10,1,38,2,1,0
Civil,74,60,66,54,0,5,54,1,2,1
Finishing,90,67,56,80,2,1,20,1,0,1
HVAC,60,61,61,90,8,2,29,1,1,1
Structural,62,72,70,55,4,4,16,2,0,1
HVAC,75,61,57,86,9,1,11,2,3,1
HVAC,82,62,99,59,1,5,43,1,3,0
HVAC,70,74,57,89,6,2,21,1,0,0
Structural,71,94,81,56,1,2,49,1,1,0
HVAC,69,100,97,88,3,5,15,3,0,1
Electrical,91,68,94,87,6,5,10,3,0,1
Finishing,75,95,92,70,3,1,27,1,0,0
Civil,67,85,87,69,6,3,31,2,2,1
HVAC,97,94,82,52,6,2,50,0,2,1
HVAC,71,57,55,100,0,1,10,3,0,1
Civil,83,78,62,71,5,5,42,0,0,1
Civil,87,81,91,96,8,1,6,0,1,1
HVAC,67,100,86,53,1,5,26,1,1,0
Electrical,87,93,97,77,2,4,24,1,0,0
Civil,95,67,91,61,9,5,29,2,2,1
Finishing,85,55,58,87,4,5,19,2,1,1
Finishing,67,67,84,100,8,5,53,0,0,0
Electrical,87,68,60,85,3,3,33,0,0,1
Structural,87,71,100,96,0,5,12,1,2,0
Plumbing,96,86,73,90,3,2,41,1,2,1
Electrical,100,81,86,54,5,2,53,2,1,1
HVAC,95,90,63,62,4,1,56,0,0,0
Plumbing,86,52,66,72,0,3,37,0,2,0
HVAC,76,77,65,99,3,1,26,2,3,1
Finishing,68,59,100,79,5,2,54,1,1,1
Civil,92,100,70,86,9,2,51,2,0,1
HVAC,79,84,55,74,9,4,9,0,2,1
Finishing,72,78,99,97,3,5,43,2,1,0
Electrical,87,64,75,76,8,2,22,0,1,0
HVAC,88,82,84,100,4,1,42,3,1,0
Finishing,72,56,67,63,7,1,58,1,2,0
Civil,94,61,88,97,8,5,57,0,2,0
HVAC,65,98,58,96,9,5,41,5,0,0
Structural,77,79,82,85,4,4,34,2,1,1
Finishing,64,70,92,88,5,3,55,1,1,1
HVAC,84,80,85,65,0,1,35,3,0,0
Civil,61,73,81,71,10,5,14,0,2,1
HVAC,69,69,59,70,6,1,19,3,2,0
HVAC,89,86,79,70,3,5,46,3,0,0
Structural,64,53,57,57,10,2,52,5,2,0
Finishing,92,77,87,98,1,1,48,1,1,1
Plumbing,60,93,58,65,4,2,22,1,0,0
HVAC,77,69,79,80,2,1,27,3,1,1
Plumbing,91,73,74,91,5,3,37,1,0,0
Electrical,70,99,88,59,7,4,20,0,0,1
HVAC,80,98,80,81,6,2,58,0,0,0
Plumbing,85,100,59,83,2,5,42,1,3,0
Electrical,84,81,89,58,7,3,39,1,1,1
Structural,81,90,82,66,1,1,38,7,0,1
Finishing,86,85,83,60,9,2,32,1,0,0
HVAC,72,83,63,81,8,1,6,4,0,1
Finishing,92,85,92,59,3,1,34,2,2,0
Electrical,93,51,60,71,0,1,17,1,1,1
Finishing,100,64,73,66,7,4,45,1,1,0
Finishing,94,83,98,53,6,4,20,2,1,0
Civil,60,85,65,97,10,5,9,1,5,1
Electrical,80,55,56,96,4,2,59,3,0,1
Finishing,65,88,98,74,9,3,32,3,0,0
Plumbing,87,91,98,70,4,3,57,6,0,1
Electrical,76,100,63,86,6,3,43,2,1,1
Civil,64,100,75,87,4,1,49,2,1,0
HVAC,90,61,78,98,7,4,24,2,1,1
Structural,64,52,88,50,10,2,28,0,0,1
Finishing,97,94,76,74,5,1,31,2,2,0
Plumbing,62,67,57,100,4,4,34,3,0,1
Civil,82,89,66,85,8,4,49,2,1,1
Electrical,96,70,82,66,10,2,31,2,0,1
Structural,96,64,84,90,1,2,30,3,1,0
Structural,69,82,80,73,0,2,11,1,0,0
Finishing,69,84,75,51,7,1,46,1,3,0
Civil,78,75,82,89,2,5,51,2,0,1
Civil,76,57,80,64,10,2,57,1,0,1
Plumbing,80,85,87,81,6,5,42,1,0,1
HVAC,73,97,75,88,9,1,9,2,1,1
HVAC,68,79,89,55,10,5,27,1,1,0
HVAC,60,72,88,50,7,3,32,3,0,1
Structural,72,91,95,96,5,5,38,1,1,1
Structural,63,93,72,72,9,2,57,3,1,1
Electrical,60,63,65,88,8,1,19,2,1,0
Structural,99,63,77,66,6,2,36,2,1,0
Structural,91,51,76,83,9,3,30,0,0,0
Civil,93,86,71,90,4,2,52,2,1,0
Electrical,87,54,59,78,7,2,35,1,3,1
Civil,90,87,98,58,1,2,23,5,0,1
Plumbing,67,94,65,62,6,4,13,2,2,1
Plumbing,98,90,84,55,3,3,33,3,0,0
Electrical,85,96,69,55,8,2,58,5,1,1
Electrical,93,63,81,69,0,2,55,3,1,0
Structural,62,88,89,52,6,2,43,1,1,0
Plumbing,71,74,87,66,5,1,8,2,0,0
Finishing,60,69,74,98,7,4,7,1,0,0
HVAC,64,51,70,61,4,1,60,2,0,0
Structural,89,88,88,97,0,4,33,1,0,0
HVAC,89,55,56,96,0,2,56,1,1,1
Plumbing,76,66,89,94,8,3,15,1,2,0
HVAC,82,74,94,50,9,5,37,5,0,0
Finishing,74,77,82,66,5,5,42,0,0,1
Finishing,96,51,93,52,9,2,15,3,2,0
Civil,80,84,60,75,4,1,31,1,0,0
Electrical,73,86,63,64,0,3,37,2,4,1
HVAC,61,54,74,85,5,4,25,3,0,0
Finishing,70,50,55,81,5,2,43,4,1,1
Electrical,98,89,62,81,2,3,35,0,1,0
Electrical,97,61,77,53,7,3,42,1,0,0
Civil,93,85,57,67,0,4,50,3,0,1
Electrical,97,94,58,98,0,3,6,1,0,1
Electrical,93,72,79,68,5,1,31,0,0,0
Structural,77,96,92,92,9,1,40,3,1,1
Plumbing,89,80,69,84,0,1,15,0,1,1
Civil,74,60,75,89,5,3,51,3,1,1
Civil,86,59,89,63,0,1,22,2,1,0
HVAC,93,52,100,82,5,4,5,2,0,1
Electrical,97,63,68,63,2,3,39,3,1,0
HVAC,92,65,90,83,7,5,39,1,0,0
Structural,83,59,66,53,5,3,35,3,0,0
Finishing,74,78,71,73,10,4,32,0,1,0
Electrical,89,59,93,78,0,5,43,2,2,1
Finishing,76,61,63,68,4,3,5,3,1,1
Plumbing,64,79,89,55,7,1,29,1,0,1
Structural,88,90,67,82,2,2,47,0,0,0
Electrical,63,50,69,98,5,2,42,3,1,0
HVAC,69,54,72,89,4,1,24,0,1,0
HVAC,76,69,87,68,5,2,7,1,0,0
Electrical,69,57,60,50,9,2,55,0,0,0
HVAC,76,92,81,54,0,1,6,1,0,0
Electrical,79,61,77,76,6,1,22,1,0,0
Civil,83,50,81,65,8,3,48,0,0,1
HVAC,64,69,88,55,1,3,14,0,0,1
Electrical,93,77,100,89,9,1,9,1,1,0
Electrical,65,92,92,62,4,4,13,1,0,0
HVAC,61,86,68,97,9,2,6,1,1,0
Civil,72,96,90,84,3,3,38,0,2,0
HVAC,70,86,62,68,5,2,42,2,1,1
Electrical,82,61,89,61,5,5,35,2,0,1
Civil,75,86,73,65,10,1,14,1,1,1
Finishing,90,98,84,92,1,4,54,2,2,1
Plumbing,70,98,68,59,1,5,16,3,1,0
HVAC,75,93,74,74,3,5,40,1,1,1
Structural,67,77,79,69,0,5,58,1,4,0
Electrical,63,96,94,80,8,1,25,3,1,0
Civil,99,64,78,53,6,3,53,0,1,0
Civil,63,55,68,93,6,1,51,0,0,0
Finishing,84,93,80,72,2,3,10,1,0,1
HVAC,62,69,92,51,10,5,52,3,3,1
Structural,91,99,77,71,2,5,53,3,1,1
Civil,62,63,76,100,0,4,7,1,0,1
Finishing,86,51,73,86,2,3,14,0,0,0
Electrical,88,58,100,57,2,5,9,5,0,0
Finishing,91,86,57,56,3,2,50,2,1,1
HVAC,78,69,96,63,3,4,30,2,1,1
Finishing,80,75,73,52,2,1,25,1,0,1
Civil,64,78,63,99,9,4,49,3,0,0
Civil,77,50,82,65,7,2,30,2,0,0
Plumbing,87,84,74,68,7,3,42,1,0,0
Finishing,81,55,99,100,0,1,48,1,0,0
Electrical,80,86,61,67,6,1,30,3,0,1
Structural,65,54,68,65,10,3,12,2,1,1
Structural,60,82,63,57,1,4,9,1,1,1
HVAC,64,98,73,82,0,5,19,0,0,0
Plumbing,100,100,68,98,2,4,20,2,1,0
Finishing,71,63,92,61,3,2,5,1,2,0
Electrical,85,61,90,60,5,5,20,2,4,0
Plumbing,93,91,94,54,9,4,41,2,1,1
Civil,73,69,71,76,4,3,7,2,0,1
HVAC,85,99,84,61,3,2,56,2,0,1
Finishing,86,73,63,66,7,2,51,1,0,0
Structural,68,92,87,55,10,2,35,3,1,0
Electrical,85,83,79,82,3,5,17,4,1,1
Civil,81,74,68,54,9,1,60,2,2,0
Plumbing,89,99,65,77,1,5,20,1,0,0
HVAC,76,78,89,63,2,4,59,1,2,1
Plumbing,85,88,95,54,5,1,47,1,1,0
Structural,95,80,68,82,7,4,25,2,0,1
Plumbing,60,96,84,99,7,1,6,3,1,0
Electrical,67,92,95,97,10,5,58,1,2,0
Civil,94,99,58,90,8,2,31,0,2,0
Finishing,74,72,58,68,6,3,42,2,3,1
Electrical,81,93,82,71,1,2,30,1,2,0
Structural,73,87,62,54,7,5,42,1,2,1
HVAC,85,69,56,51,6,1,50,1,0,1
Structural,87,72,95,79,7,2,29,2,2,0
Structural,82,94,100,96,2,5,15,2,0,0
Plumbing,73,65,76,88,6,4,12,2,0,1
HVAC,83,99,95,53,9,3,12,0,2,1
Electrical,61,91,70,82,8,2,37,2,0,1
Structural,85,57,83,62,2,1,57,0,0,0
Electrical,73,99,84,69,9,4,11,2,1,1
Finishing,66,70,66,56,5,5,42,3,0,1
Plumbing,62,50,89,64,1,3,25,2,0,0
Electrical,82,57,65,72,1,1,12,1,1,1
HVAC,77,78,100,63,4,5,55,1,0,0
Structural,97,81,75,72,4,5,58,1,1,0
Finishing,94,87,75,68,6,2,25,2,0,1
HVAC,74,54,59,78,1,2,60,3,1,0
Plumbing,84,96,74,69,10,1,24,2,1,0
Finishing,96,71,91,78,6,5,12,0,1,0
Finishing,87,96,57,73,4,2,50,4,1,1
Finishing,69,83,98,67,5,3,35,1,0,1
Structural,98,50,87,59,7,3,54,2,2,0
Civil,76,75,63,90,9,5,33,1,1,0
Finishing,98,92,63,57,3,2,52,1,1,1
HVAC,81,59,58,75,6,1,13,1,1,1
HVAC,85,79,89,78,5,1,19,3,0,1
Plumbing,84,99,71,59,9,1,34,3,0,1
Electrical,76,67,88,66,1,3,30,2,0,0
Electrical,72,66,78,51,7,2,14,2,3,1
Civil,79,75,86,55,9,2,33,1,0,1
Structural,84,57,55,54,8,3,58,1,2,0
Structural,63,96,62,77,4,1,20,1,3,1
Finishing,69,89,99,90,9,1,40,0,0,0
Civil,62,98,77,54,3,5,24,3,1,0
Plumbing,100,61,94,67,5,4,49,1,0,1
Plumbing,77,76,66,75,7,2,58,3,0,0
Electrical,95,57,66,69,10,2,41,2,1,0
Plumbing,81,74,100,90,2,2,26,0,0,0
Finishing,93,95,69,98,9,4,11,5,1,1
HVAC,67,53,95,76,10,5,27,0,1,1
Plumbing,99,82,73,98,10,4,45,0,1,0
Civil,78,50,80,61,0,1,44,6,0,0
Finishing,100,68,83,56,3,1,33,2,1,1
Plumbing,96,80,76,52,3,2,20,2,0,0
Structural,65,65,94,59,0,3,42,0,0,0
Plumbing,85,63,75,83,8,2,32,3,0,0
Structural,93,97,92,74,2,3,52,0,0,0
Finishing,65,54,74,84,4,4,42,1,1,1
Plumbing,96,90,83,65,5,1,35,0,2,0
Structural,92,75,58,51,7,3,18,2,0,0
HVAC,81,77,61,73,5,4,57,0,1,0
Electrical,80,51,82,59,2,1,37,1,0,1
Finishing,65,99,82,87,5,3,13,2,0,0
Structural,65,55,58,71,0,2,31,1,1,0
Civil,63,58,76,75,3,2,28,2,2,1
Plumbing,89,82,66,92,5,2,17,1,0,0
Structural,70,90,99,88,6,4,30,3,0,1
Structural,89,74,57,76,10,2,33,2,1,0
Structural,90,97,76,78,10,5,55,1,0,0
Electrical,83,62,98,96,9,1,53,2,1,1
Civil,68,58,56,87,2,4,47,1,1,0
Civil,62,62,78,69,8,2,32,1,1,1
HVAC,90,80,88,76,6,1,32,1,1,0
Electrical,99,90,81,90,0,3,12,1,0,0
Structural,96,60,95,69,1,2,27,3,0,1
Finishing,95,53,55,93,0,1,33,1,1,1
Electrical,83,83,62,68,10,5,9,1,2,1
Electrical,90,87,77,69,8,3,46,1,1,0
Civil,65,95,92,84,8,5,11,1,2,0
HVAC,61,53,60,96,6,1,46,2,0,1
HVAC,79,87,76,51,9,5,40,0,3,1
Electrical,87,68,79,79,2,1,45,0,0,1
Electrical,70,55,72,83,4,1,31,2,0,0
Plumbing,63,83,71,71,3,5,50,2,1,0
Structural,74,67,66,52,6,1,6,3,0,1
Civil,65,62,60,55,8,2,29,2,1,1
Structural,89,90,80,64,1,1,13,3,0,1
Finishing,97,72,81,76,7,4,57,2,1,0
Finishing,61,68,62,59,8,1,31,2,0,0
HVAC,74,94,73,58,9,4,5,0,0,0
Civil,70,60,96,82,9,1,27,4,0,0
Structural,67,50,55,81,8,1,14,0,2,0
HVAC,85,73,83,97,9,5,46,1,0,0
Finishing,64,56,99,55,6,2,56,1,4,1
Electrical,65,74,89,90,8,2,29,1,1,1
Civil,85,70,94,85,8,3,58,1,0,1
Civil,63,64,68,51,2,5,7,0,0,1
Structural,78,50,89,78,3,5,10,1,3,0
Plumbing,79,61,99,53,1,2,10,0,0,1
Structural,92,56,74,50,9,5,57,1,0,1
Electrical,79,64,67,68,2,2,6,1,0,0
Electrical,71,70,92,75,10,5,22,1,2,1
HVAC,60,68,100,74,10,1,27,2,0,0
Civil,85,78,62,59,4,2,6,4,1,0
HVAC,73,74,97,64,4,2,16,2,1,0
Electrical,97,82,74,71,5,4,26,2,0,0
Plumbing,96,98,87,100,6,5,41,1,0,0
Civil,70,81,80,97,6,5,24,1,0,0
Electrical,95,98,93,70,0,2,43,0,1,1
Plumbing,72,84,75,71,1,1,28,2,0,0
Structural,62,93,96,85,8,1,52,1,1,1
Finishing,92,87,97,83,9,1,24,1,0,1
Electrical,65,75,95,79,1,5,5,5,1,0
Finishing,69,60,63,74,5,4,5,0,1,1
HVAC,64,84,78,94,10,2,21,2,0,1
Finishing,82,57,91,77,10,3,5,1,0,1
Electrical,69,95,95,50,0,4,57,1,0,1
Finishing,61,63,71,98,2,3,56,2,2,1
Civil,72,59,78,94,1,4,49,5,0,1
Electrical,99,51,75,53,2,1,34,1,1,0
Plumbing,61,95,93,56,4,5,45,1,0,0
Finishing,79,58,95,98,10,3,51,0,2,1
Civil,60,52,93,58,9,4,7,2,1,0
HVAC,96,70,67,85,5,5,50,2,0,1
HVAC,68,75,65,68,8,3,59,1,0,1
Finishing,76,57,100,50,10,2,15,3,1,1
HVAC,68,97,73,59,9,4,28,1,2,0
Plumbing,70,51,65,85,3,2,26,2,0,1
Electrical,74,55,67,58,6,1,48,2,0,0
Civil,83,77,100,94,5,2,49,1,2,0
Structural,97,78,99,95,1,2,30,0,0,0
Finishing,94,75,55,91,9,4,17,1,1,0
HVAC,89,74,94,81,10,1,5,3,1,0
Electrical,90,61,98,81,10,2,28,2,1,1
Structural,64,54,73,55,10,5,14,3,0,1
Plumbing,73,83,66,97,7,3,39,0,1,0
HVAC,70,97,62,87,6,2,28,1,3,0
HVAC,68,86,62,66,6,1,32,3,0,1
Civil,93,64,99,59,7,2,40,1,0,1
Plumbing,71,93,66,99,10,3,20,2,1,1
Plumbing,94,85,87,76,0,1,44,0,2,0
Finishing,94,64,99,99,0,4,20,0,0,1
Structural,60,92,80,84,7,1,21,2,2,0
Civil,99,97,93,70,3,4,55,1,3,0
Finishing,81,72,82,74,4,1,58,2,0,0
Civil,88,55,59,77,7,3,19,1,2,0
Plumbing,67,95,62,96,4,3,20,0,2,0
Civil,70,99,79,64,9,1,19,0,2,1
Civil,100,93,81,53,3,2,38,1,0,1
Civil,96,92,100,78,5,3,15,1,1,0
Electrical,73,94,77,58,4,4,5,3,0,0
Electrical,89,70,84,76,6,4,19,1,3,1
Structural,94,72,99,75,9,5,30,1,0,0
Structural,80,92,77,68,6,4,55,2,0,1
Plumbing,96,65,74,77,3,5,8,7,0,1
Civil,64,96,72,66,4,1,47,1,0,1
Plumbing,78,64,72,92,2,1,9,5,1,1
Electrical,73,74,56,90,3,1,39,1,1,0
Civil,85,85,58,91,3,2,17,0,0,0
Finishing,63,60,84,99,2,2,14,3,1,1
Electrical,84,100,87,69,9,5,15,0,0,0
Electrical,84,64,90,94,4,4,22,1,1,0
Electrical,77,53,72,89,4,4,38,1,0,0
Civil,99,70,91,88,10,1,43,1,1,0
Structural,67,62,73,98,6,3,45,1,1,1
HVAC,98,71,82,72,3,2,46,0,0,0
Finishing,99,68,94,96,3,2,54,0,0,1
Finishing,73,83,74,81,8,1,27,1,3,0
Plumbing,91,63,87,96,5,2,11,3,1,1
Civil,97,53,66,82,3,1,43,1,0,0
Structural,92,97,69,95,1,5,7,3,0,0
Electrical,82,95,95,54,5,4,16,0,0,1
HVAC,74,76,93,92,1,3,11,2,1,1
Civil,92,78,56,97,4,4,53,0,0,0
Civil,84,96,83,83,5,4,30,0,0,0
Structural,76,77,95,89,3,5,37,1,0,1
HVAC,92,84,64,60,2,2,41,2,2,0
Electrical,61,57,56,99,6,3,52,0,0,1
Civil,73,65,65,52,1,2,19,1,0,1
Finishing,99,91,67,82,10,4,6,3,1,1
Finishing,99,85,64,60,5,1,45,2,1,1
HVAC,98,79,68,65,3,4,11,2,0,0
Electrical,65,67,72,67,5,2,36,0,0,0
HVAC,65,51,63,79,3,4,8,0,0,1
Civil,62,98,93,97,3,1,24,1,1,0
Finishing,66,62,82,59,3,5,54,1,1,1
Plumbing,67,53,57,67,8,2,57,3,1,1
HVAC,74,75,74,87,6,4,40,4,0,1
Plumbing,88,74,60,68,2,2,36,1,0,0
Plumbing,92,79,81,85,2,5,32,5,0,0
Structural,89,60,56,62,5,4,17,0,1,1
Finishing,98,56,83,95,5,4,5,2,1,0
HVAC,86,80,92,52,3,2,60,0,1,1
Plumbing,95,93,57,59,8,2,39,5,0,1
Civil,88,59,70,87,3,1,52,5,1,1
Structural,97,88,84,50,8,5,34,0,1,1
Electrical,92,62,94,76,3,1,58,0,0,1
Structural,96,80,56,95,1,4,40,0,2,1
Electrical,86,56,71,57,1,2,59,0,2,1
Finishing,92,98,95,100,4,4,29,0,0,1
HVAC,63,91,66,95,3,4,20,1,0,0
HVAC,81,91,89,91,6,3,23,1,2,0
Electrical,61,85,97,66,10,3,5,4,0,1
Civil,69,69,55,58,4,4,9,0,0,1
Electrical,64,53,99,55,5,2,55,1,1,1
Electrical,69,56,69,92,9,4,26,2,0,0
HVAC,92,50,80,74,3,3,28,0,0,0
Plumbing,97,93,91,88,1,2,47,1,1,0
Civil,72,94,75,98,9,4,49,1,1,1
HVAC,90,91,85,77,8,5,56,0,1,1
Structural,95,96,79,82,9,5,41,0,0,1
Electrical,83,62,77,86,6,4,57,0,2,0
Plumbing,74,71,78,58,3,2,40,1,3,0
Civil,88,70,92,67,2,4,40,2,0,1
Finishing,67,71,82,70,9,4,8,3,1,1
Civil,64,77,75,51,2,3,40,2,1,1
Civil,88,58,97,92,8,5,56,2,1,1
Electrical,63,75,72,87,4,3,57,3,2,0
Electrical,71,58,90,89,2,3,22,5,0,0
Finishing,61,64,89,85,4,4,54,0,0,1
Finishing,86,59,99,99,1,3,20,2,1,1
Finishing,90,73,63,92,10,5,45,2,1,0
HVAC,95,91,92,86,3,3,22,1,1,0
HVAC,95,57,84,64,9,5,26,0,2,1
Electrical,85,73,98,77,1,3,6,1,1,1
Electrical,86,65,88,67,1,5,25,1,1,1
Finishing,64,98,86,83,7,3,40,3,1,0
HVAC,79,75,57,71,0,3,48,1,0,0
Plumbing,70,76,57,60,6,2,43,4,0,1
HVAC,69,86,82,62,4,5,51,0,1,0
Electrical,99,53,98,53,10,5,43,1,1,0
HVAC,97,99,69,71,7,5,33,1,0,1
Electrical,65,73,95,56,0,1,58,1,1,1
Finishing,67,68,77,92,10,3,30,3,1,1
Finishing,82,85,94,73,6,5,25,2,2,0
Finishing,85,88,65,53,4,1,21,0,0,0
Plumbing,71,59,86,77,3,2,20,1,0,0
Plumbing,85,74,90,64,6,5,35,5,1,1
Electrical,72,67,87,50,9,5,55,0,0,1
Civil,99,68,78,52,1,1,13,2,0,0
Structural,77,85,93,63,0,3,35,3,1,1
Plumbing,84,59,88,87,0,2,18,1,1,0
Electrical,92,82,82,99,10,5,53,0,0,0
HVAC,99,99,91,50,0,3,41,1,0,0
Finishing,71,54,61,87,4,2,6,1,2,1
Finishing,95,96,58,87,9,4,56,1,0,0
Finishing,63,98,91,70,6,4,52,1,1,0
Electrical,64,84,55,97,1,2,50,2,0,0
Finishing,96,93,55,78,9,1,18,0,0,0
Plumbing,67,83,74,54,7,2,37,1,0,1
HVAC,87,82,73,98,3,2,39,1,0,1
Finishing,90,70,83,59,2,1,43,1,0,1
Electrical,68,66,64,77,9,1,51,2,0,1
HVAC,88,71,72,70,10,3,55,2,1,0
Finishing,73,97,82,99,7,3,24,4,1,0
Civil,99,86,89,56,1,1,6,1,1,0
Finishing,100,64,97,52,10,4,55,3,1,1
Structural,81,84,85,94,10,4,45,2,1,1
Plumbing,70,77,81,96,2,2,23,1,0,0
HVAC,82,56,65,69,2,5,41,1,2,1
Plumbing,60,81,92,68,9,2,22,0,1,1
Civil,96,60,59,84,10,2,20,0,0,0
Civil,80,59,62,53,0,5,8,0,1,0
Structural,85,58,88,54,5,1,16,4,1,0
Plumbing,95,63,66,50,1,4,33,0,1,1
HVAC,82,62,92,53,0,2,11,1,2,0
Civil,60,74,55,61,1,5,18,0,1,1
Civil,99,51,85,76,5,3,59,1,2,1
Finishing,74,84,58,91,3,2,16,0,1,0
Structural,80,56,99,72,5,4,39,0,1,0
Electrical,68,70,59,74,8,1,9,1,1,0
Civil,68,67,84,70,9,2,21,1,1,0
HVAC,69,52,78,73,9,2,46,4,1,0
HVAC,85,91,57,74,7,5,36,1,1,0
Finishing,100,88,65,94,0,3,14,0,1,0
HVAC,94,90,99,95,7,3,47,0,1,0
Finishing,84,98,58,81,8,1,21,4,1,0
Civil,85,60,80,81,5,4,9,2,1,0
Civil,70,88,81,54,9,1,49,4,0,1
Civil,97,73,100,85,4,2,46,1,1,0
Civil,61,95,97,95,5,2,13,0,0,0
Electrical,66,68,81,91,5,3,53,1,3,1
Structural,77,53,96,98,8,4,37,1,0,0
Structural,86,75,60,91,3,5,40,0,1,1
Electrical,93,87,69,88,1,4,40,3,1,0
Civil,86,91,84,65,10,2,22,2,2,0
HVAC,76,81,96,82,10,5,13,3,0,1
Finishing,83,88,91,98,8,4,33,1,1,1
Structural,84,94,91,70,1,4,54,1,2,0
Plumbing,66,95,96,58,9,5,18,0,0,1
Finishing,65,85,91,55,8,2,29,2,1,1
Plumbing,83,89,89,100,1,4,19,2,1,0
Plumbing,92,86,77,94,7,5,10,2,0,0
Civil,88,82,60,84,8,2,60,3,1,0
Plumbing,81,85,58,88,9,5,46,3,0,0
Civil,85,52,72,71,8,5,33,0,2,1
Electrical,87,58,63,90,9,4,19,2,0,0
HVAC,80,57,83,54,8,2,33,1,0,0
Plumbing,66,82,67,91,1,4,8,3,2,1
HVAC,76,55,71,72,3,1,22,2,1,0
Civil,79,90,99,66,6,1,54,1,0,0
Plumbing,100,88,86,61,1,2,53,0,2,0
Finishing,79,53,76,72,0,5,48,2,2,1
Electrical,81,62,58,65,2,4,43,0,1,1
Structural,87,98,59,52,3,4,20,2,0,1
Electrical,99,51,91,79,7,2,15,1,0,1
Plumbing,66,54,95,71,5,2,18,1,1,0
Electrical,60,93,67,58,10,1,7,0,0,1
Structural,91,76,88,78,1,3,55,1,0,0
Finishing,72,81,99,96,8,2,54,0,0,1
HVAC,89,70,76,86,1,3,46,1,0,1
Finishing,82,57,77,72,4,2,42,3,2,1
Electrical,78,87,57,62,3,5,49,0,2,1
Structural,91,57,96,81,6,5,46,3,0,0
HVAC,89,99,88,95,7,1,22,1,0,1
Structural,88,52,86,96,4,1,24,1,0,0
Finishing,88,93,99,97,9,3,52,0,2,0
Civil,89,52,75,72,4,2,29,4,0,0
Civil,75,71,100,94,1,4,42,1,0,1
HVAC,99,55,98,66,7,1,17,1,0,0
HVAC,78,51,75,89,1,4,8,1,1,0
HVAC,77,72,98,70,9,4,59,2,0,0
Civil,60,93,65,51,5,2,18,3,2,0
Finishing,73,51,93,86,7,3,37,1,0,1
HVAC,61,87,58,55,5,2,32,5,1,0
Civil,87,66,55,93,3,1,56,1,1,1
HVAC,89,84,82,67,3,4,41,1,0,1
HVAC,97,83,78,79,5,2,12,1,1,0
Structural,63,72,89,71,3,2,48,5,1,1
HVAC,60,79,67,82,7,2,38,2,0,1
Civil,67,57,88,79,8,1,48,2,2,1
Finishing,88,71,65,66,0,3,9,1,1,0
Civil,98,93,90,92,3,2,58,2,1,0
Civil,62,85,71,81,3,1,9,4,0,0
HVAC,91,54,89,91,1,4,35,1,0,1
Structural,69,62,72,100,5,5,49,3,0,1
Plumbing,69,78,94,63,2,1,13,1,1,0
Plumbing,78,80,76,59,6,5,46,3,1,0
Plumbing,93,96,78,96,10,2,36,0,1,1
Civil,92,65,73,100,10,2,37,1,1,0
HVAC,82,91,91,85,4,1,7,0,1,0
Plumbing,87,79,93,83,3,5,34,0,0,1
Electrical,91,65,75,58,4,2,54,2,2,1
Electrical,66,61,62,91,7,4,16,0,4,1
Electrical,88,66,82,77,2,3,33,2,0,0
Finishing,67,65,59,60,6,3,7,5,1,1
HVAC,60,61,71,63,5,2,30,2,1,1
Civil,62,57,91,88,0,5,34,1,0,1
Civil,83,69,90,96,6,2,13,1,1,0
HVAC,82,52,73,68,6,5,30,1,0,1
Structural,67,65,81,64,0,4,6,1,1,0
Structural,96,79,88,77,8,5,7,1,1,0
Finishing,62,94,65,73,5,2,50,2,1,1
HVAC,92,72,99,57,1,4,8,1,0,0
Structural,87,77,66,92,4,1,29,5,2,1
Finishing,67,100,75,58,10,3,55,0,1,0
Plumbing,93,89,65,96,3,2,17,3,1,0
Plumbing,94,54,93,82,6,2,43,2,3,1
Finishing,91,69,82,82,7,2,48,0,1,1
HVAC,83,89,59,68,10,4,39,2,0,1
Plumbing,73,93,71,52,10,1,59,5,0,0
HVAC,91,50,74,59,0,5,27,1,2,0
Structural,75,79,95,89,4,1,13,2,0,0
Plumbing,63,70,100,96,2,4,6,3,0,1
Structural,96,69,66,91,0,2,58,1,1,1
HVAC,80,55,60,50,2,3,45,0,0,0
HVAC,73,71,71,78,5,2,48,1,1,1
Electrical,90,67,73,99,6,5,35,0,0,0
Finishing,77,57,80,83,7,3,48,1,0,1
Civil,66,88,98,100,10,2,51,1,1,1
Finishing,69,81,98,62,3,3,6,3,2,0
HVAC,66,82,86,50,2,1,36,2,1,0
HVAC,92,65,60,83,4,4,22,3,0,0
Finishing,82,61,90,78,8,2,17,2,2,1
HVAC,80,87,92,97,5,5,50,1,0,1
Structural,78,83,65,96,8,1,9,1,0,0
Plumbing,78,63,87,62,5,2,46,1,0,0
HVAC,95,85,78,97,1,1,48,0,1,0
Finishing,88,82,77,98,4,5,14,0,1,1
Finishing,77,72,69,78,10,2,60,1,2,0
Finishing,61,99,81,88,8,5,47,3,0,0
Electrical,60,94,65,73,7,3,29,2,0,0
Structural,64,51,71,75,6,5,38,0,0,0
Structural,79,90,68,66,0,3,41,1,4,1
Electrical,70,70,81,56,3,2,34,2,2,0
Structural,61,51,72,62,6,3,11,0,0,0
Electrical,62,76,82,54,10,2,10,1,1,0
Structural,82,58,58,75,6,2,58,0,0,0
Electrical,71,50,61,98,5,4,59,0,2,0
Electrical,79,60,99,52,7,2,7,0,0,0
Structural,64,52,89,56,10,3,17,0,2,1
Electrical,96,72,63,98,5,4,7,2,3,1
Structural,97,75,62,88,9,4,30,2,0,1
Electrical,89,53,99,50,2,2,28,0,1,1
Finishing,68,67,71,98,3,5,57,2,1,1
Civil,93,55,71,66,2,5,10,2,0,1
Structural,94,84,87,92,0,4,47,0,0,0
Electrical,81,71,86,74,9,2,53,2,0,1
Finishing,83,92,62,52,4,5,46,0,1,1
Civil,76,64,73,64,0,2,16,1,2,1
Electrical,69,71,92,78,0,2,53,2,1,0
Civil,89,86,57,92,1,4,40,0,1,0
Structural,82,91,59,81,3,4,6,1,0,0
Civil,91,61,67,75,5,1,15,0,0,0
Plumbing,76,96,100,65,7,5,43,2,2,0
HVAC,76,98,85,74,2,5,38,1,1,1
Plumbing,73,91,70,77,0,5,30,2,1,0
Structural,68,87,86,58,2,3,22,0,1,0
Structural,99,67,76,50,2,2,25,1,2,0
Civil,61,94,83,78,4,4,40,3,1,1
Finishing,84,84,76,71,10,5,44,1,3,0
Electrical,98,79,97,65,3,1,56,2,1,1
HVAC,68,73,57,90,3,5,50,2,1,0
Electrical,81,91,64,100,8,2,48,1,3,0
Finishing,63,79,96,93,6,2,26,1,0,0
Structural,85,63,75,100,3,4,57,0,1,0
HVAC,88,55,70,90,2,3,34,0,1,0
Plumbing,93,52,66,56,5,4,54,0,1,0
Structural,82,65,56,63,2,5,47,3,1,1
Structural,96,56,95,78,5,1,34,2,1,1
Civil,70,63,78,68,10,4,12,3,1,1
Finishing,65,58,89,68,10,3,38,1,1,1
Civil,77,64,84,51,8,4,51,1,1,1
Civil,80,70,84,90,5,2,13,5,0,0
Electrical,95,84,89,94,3,5,55,2,1,1
Structural,100,51,73,64,4,5,24,1,0,0
Finishing,97,76,62,52,5,5,44,0,0,1
Civil,93,51,80,60,10,5,29,2,0,1
Plumbing,76,84,94,95,2,5,23,2,0,0
HVAC,96,67,61,79,7,5,9,5,0,1
Finishing,84,63,84,89,3,1,15,0,0,0
Electrical,97,69,61,67,7,3,19,0,1,0
Finishing,71,67,57,100,9,5,12,1,0,0
Structural,82,59,55,97,9,3,23,0,2,0
Electrical,81,74,90,51,2,5,27,1,0,0
